Size,BST/Insert,BST/Remove,BST/Search,DLL/Insert at the back,DLL/Insert at the front,DLL/Remove from the back,DLL/Remove from the front,DLL/Search,Hash Table/Insert,Hash Table/Remove,Hash Table/Search,SLL/Insert at the back,SLL/Insert at the front,SLL/Remove from the back,SLL/Remove from the front,SLL/Search,Vector/Insert at the back,Vector/Insert at the front,Vector/Remove from the back,Vector/Remove from the front,Vector/Search
250,227283,33943,3500,157649,66731,24715,20211,43069,690739,27270,8728,101120,59535,55913,12071,42110,92832,440237,14472,210917,41146
500,110888,38578,3524,63802,60095,21404,23764,308645,76531,29784,6814,345070,96304,200548,14429,301257,77447,1105321,13280,579969,117811
750,121537,43971,4640,59646,53482,18297,22466,652593,77191,31436,9536,633780,62522,463755,13782,529011,92879,1683321,13524,964829,214464
1000,101089,52355,4003,56804,53472,17377,22231,935768,82396,38633,9776,1021161,55082,772373,14147,866131,61432,2416556,13597,1355616,304152
1250,15473485,47519,3674,54523,58286,18903,23239,1694496,293681,30046,10472,3711536,52059,1148877,14126,1342378,94096,5007078,14033,1700718,370941
1500,122529,48041,3641,54929,92135,18055,24640,1978748,76980,30198,10374,1952055,49190,1601739,14369,1859405,56357,7826694,11732,2127027,459226
1750,127255,48955,3592,51533,62491,19403,20382,3013854,102882,32420,10614,2545166,46209,2178349,14429,2370568,51384,4706421,15646,2574415,613089
2000,110790,51168,4246,58182,108033,18497,28888,3798477,78777,29903,10712,3171902,45886,3047435,15338,2944701,53028,5099482,14062,3218507,715347
2250,110139,52343,3589,70132,79137,19481,21644,4617823,73970,29754,10732,3922607,45170,4148748,20397,9379118,136792,6085108,50467,3445272,799185
2500,109240,53393,3768,120625,74479,17182,156286,7490740,124158,32997,10022,11897697,44050,4737855,20984,4405817,54414,6753568,13428,3898652,1691341
2750,125580,64770,3703,63025,63230,17346,28495,10530071,65737,31764,9773,5559544,51793,5526841,22464,4830247,52686,7327879,14339,4234074,1129498
3000,111689,54141,4015,65656,70124,19708,25713,6725798,99174,31810,9381,7154747,49963,6113748,32953,5452298,58908,7945875,16306,4713942,1149598
3250,109257,56118,3819,835713,52144,17695,24852,7324790,71057,34173,9553,6954675,79331,6841861,22180,6086338,51477,8549712,13547,5065180,1254362
3500,114981,55712,3780,52256,51839,16755,73280,8299424,68613,38938,9780,7498818,46675,7380724,29605,7099727,49927,9423452,11981,5728627,1425005
3750,117900,56970,3755,49310,49991,18859,23950,8550098,70529,46206,9712,8386530,45122,8067909,20116,7239918,47814,9944435,13292,6078548,3003799
4000,107333,58250,3704,50330,49390,18634,38088,9168688,69428,33483,9922,8344524,43664,8495135,17996,7687119,55439,10620363,12138,6671955,1672058
4250,108885,58372,4117,63577,48964,18958,26432,9824164,70336,31298,10272,8429064,43538,9221416,18764,8109081,197811,11561696,11622,6834147,1772688
4500,105575,73896,3660,53251,48407,27411,28113,10290777,72078,37439,10225,8872327,42453,9954686,20870,8611572,55758,11959372,15178,7222062,8015272
4750,126886,60167,4040,52413,105925,17072,27778,11442060,70775,34223,10235,9376583,49018,11281122,18270,9023952,55041,13023301,12899,7638229,6215794
5000,108465,59552,4171,50219,52315,18382,23863,11713955,68783,37484,9746,9925176,49069,11877236,17798,9592942,51259,13480412,11328,8026104,2604866
5250,111433,60960,4045,48660,50142,17769,25308,12087539,194449,39953,8014,10232107,46253,12685406,18752,10008501,51573,14211833,13453,8536673,2276829
5500,114928,61493,4078,47929,61848,20032,27252,12650409,61478,70488,7690,10694115,40387,12929286,23924,10474845,62126,15081078,11022,8910471,2507751
5750,117528,62278,4570,49824,49463,18586,25084,13361106,73468,38777,9718,11049722,42669,13536532,22403,10901657,52817,15510660,10947,9332386,2648550
6000,110426,66589,4098,55099,50465,21778,23861,13643258,66465,49102,9312,11528643,42252,14262341,21991,11435006,49589,16098583,13768,10173007,2601695
6250,162129,83228,4485,63111,49701,20759,25895,14437141,65601,37506,9449,12164465,41701,14860247,22920,12252673,46747,16784915,11622,10106575,2796325
6500,215780,64244,5054,55220,65758,17224,24383,15101657,66644,37698,9636,12371333,41703,15629013,35762,12310051,53519,18865053,14075,10600352,2940387
6750,120079,67213,4686,51393,54903,17187,28228,15995023,68385,35917,9517,12879930,43497,15977576,21103,12766157,45941,18590370,12342,10983180,3093339
7000,111714,64939,4632,49753,50071,19591,65287,16383770,65569,36718,9563,13546503,50428,16843601,21201,13021028,44007,20978357,12146,11357535,3108281
7250,130349,66809,4292,47496,50686,17515,26956,17322634,74735,39246,9419,13999717,46068,17172400,22107,13636707,47636,19877398,11898,11883622,3194215
7500,115329,70157,4404,45102,46864,17958,23300,17824390,69526,39322,9336,14147948,44624,17849434,22241,14042597,66735,20361299,11880,12199135,3386674
7750,114244,83555,3850,46823,46317,19272,25367,17743226,68426,38004,9617,14901417,43860,16782548,22423,14671870,53524,21385148,11620,12704672,3487853
8000,111350,69328,3825,45679,44884,21764,27856,18974768,66273,40545,9268,15350504,41814,17307675,21982,15429781,48305,21820963,11715,13274152,3545324
8250,131106,69936,4345,53491,51130,36172,24920,18857701,68106,41291,9536,15708439,42468,17804864,21616,15577915,353043,22883064,12851,13652246,3730955
8500,116548,73379,3761,48393,63548,21524,27698,19616720,66810,53879,9264,16456183,41246,18641391,22576,15992245,49259,23232751,13197,13966665,3849692
8750,113764,103133,3834,46934,50732,19719,27430,20012480,81369,41443,9265,16442667,41014,18941889,23571,16557062,50187,24710877,12776,14365127,4181970
9000,115295,72519,4278,45557,50875,18841,27560,20777385,73170,40477,9306,17248788,44023,26668260,21265,17031187,47054,24667538,11168,14863523,4037082
9250,122459,73111,4222,43434,45060,18128,24648,21822082,68959,46917,9390,17336767,42842,20015942,20567,17482548,43497,25304739,10328,15141550,4149960
9500,114958,72545,3829,44920,45566,18845,24145,24254972,70186,41175,9253,18076837,46570,20889289,20708,18254365,46512,26169389,11441,15572825,4274386
9750,114201,75167,3691,44462,45789,20000,24618,22591688,68142,42415,9283,18439672,44252,23271816,24562,20034518,43782,27065996,9752,16289658,4424421
10000,111515,83401,3794,43489,46568,20189,25390,23536390,67992,44183,9482,18919187,43411,21770378,24356,23904571,45028,27411003,10836,16608994,4549110
10250,129272,92145,4334,42807,101145,18856,23352,24722725,78279,44836,9306,19257200,43266,22521510,22146,19382032,44677,28227410,11861,16823366,4632917
10500,115471,75664,3700,54706,50039,21143,23640,25354681,425535,46333,9843,19747124,42571,23087261,23759,19765594,55768,28772407,11481,17300247,4755121
10750,115535,77328,4281,48152,47096,17798,23011,27089753,74220,46524,9910,20655450,42832,23929807,25921,20931626,49184,29844913,10978,18708596,4800224
11000,124810,79635,4236,43926,47593,16524,21958,26955008,68238,42622,9826,21140001,43337,24720516,24518,21287068,46781,30907353,11795,18378590,5426052
11250,123579,80863,3740,45415,48474,19881,23600,27089225,65565,42653,9854,21480458,43357,29476027,25142,21481218,53227,34380412,11124,19002605,5169589
11500,116764,101267,4080,47557,47342,33204,23409,26799768,66505,43537,10795,21418022,50765,25779708,26090,21733073,58485,34890640,11523,19181318,5228600
11750,119970,83199,4288,51073,47229,42719,24728,27680315,65962,43806,10208,22143545,45936,26438030,24239,23297725,58240,39540933,9940,19437978,5390769
12000,135290,81203,3752,48588,48555,39159,23622,27924517,65461,45025,10720,22656554,46468,26815925,23405,25038389,55050,41319794,10262,20042238,5497162
12250,125642,84477,4129,49563,48123,39513,25733,28933197,75462,44160,9869,22912495,44739,27167568,25131,23883631,58521,55891232,13015,20334510,5598678
12500,123138,86264,4261,46252,77414,28608,26393,29240465,69179,44891,10005,26160198,44543,28229035,22594,24359994,68319,59132436,10911,21233226,5753883
12750,118009,104481,3703,47501,50761,19504,25761,30452108,70868,48243,10222,24183370,43893,28435008,26025,24416873,52738,48897899,12030,21386556,5841307
13000,170595,90076,4590,50869,50637,16978,25365,30793488,68326,44484,10762,27417879,43526,29050457,35078,25191580,54964,40319769,10037,21816761,5977730
13250,132437,88411,3932,49767,48552,16951,26518,31031203,63420,46442,9924,30764465,43911,30058173,23229,25683160,95774,37711510,12893,22332786,6155859
13500,192816,92078,3659,46622,48326,18131,32775,37920694,101934,44397,10338,25294053,41999,30517705,24584,26140901,44758,38265961,11664,23043554,6491531
13750,136823,136725,4723,45801,49970,15664,23805,33438580,78302,45118,10406,26843166,53791,30511397,24785,27738040,45998,40025883,11753,24195885,6348787
14000,130200,162983,3808,45710,48611,15259,25910,33123428,69570,47737,9739,29390537,49462,31066482,26879,27086983,56641,39407080,10660,23698521,6499919
14250,128561,84779,3661,45616,61988,15985,24477,33615887,67859,48441,9916,28131834,45430,31610888,25920,27700941,44849,41878476,10968,23975155,6548213
14500,149820,87516,3871,44904,55090,18286,25924,34704450,73434,48621,10240,28387879,44650,32112239,27059,28226241,44039,41923268,10749,24297227,6686189
14750,132706,92557,3753,45209,53453,16118,25932,37344274,72287,52379,10076,29072970,45568,32506417,28000,28975165,44565,43302654,12910,26026844,6971368
15000,128519,100347,3854,52745,51083,21740,24944,35573206,70541,52912,10706,29266011,44810,33367848,25856,28965435,43061,45901886,11011,25233837,8665584
15250,144738,85071,4297,48130,46961,15242,27397,36383510,84317,46698,10688,29050365,44560,34681420,24096,30147848,44091,52070711,12377,25767452,8311233
15500,133375,83757,3766,45080,49853,16690,25187,36399940,76361,47717,10322,30044370,46541,34410155,23962,29600661,52150,54631145,11518,26422281,8206402
15750,129250,85957,3793,45863,47987,16207,23996,38202286,73430,46551,10338,30742940,56468,35035930,24549,30196639,43816,50007213,10071,26439160,7547138
16000,140995,102829,3716,43824,48362,16121,24803,38213957,72301,49441,10590,31353719,50332,36013177,24103,30208056,42775,47176265,9743,27217000,7701162
16250,139609,85038,4121,45257,58032,15847,27027,38329395,74534,51446,10441,55368671,44856,36543842,25263,30817047,44738,45431173,10266,27729765,7856227
16500,130005,84817,4227,44430,50580,15220,27196,39694962,74754,53248,10467,33122778,46751,36887055,26457,31348815,626851,46700752,10950,28899976,7757153
16750,132320,85067,4130,41645,48321,17479,29546,40178405,85840,52895,10584,33487336,45033,37285941,23406,32791823,43347,99838230,10059,28421023,8303944
17000,157015,89750,4675,42991,87651,17595,24960,41264024,74298,59938,10191,34381572,46399,37940016,25146,33448669,43240,125232666,10204,34423034,7860514
17250,140124,105815,4579,53146,50161,18349,26978,41584806,74316,51436,10607,38591949,46740,38367035,26284,35869336,45589,51448395,10179,29479302,8007900
17500,141007,86314,4176,46525,52952,18104,23933,41761630,74353,51177,10198,34712386,851046,38789519,24824,35143563,44324,53452362,12038,29733301,8315285
17750,152934,87047,4046,45242,50036,19687,25663,42696241,75520,51954,10201,34576541,60380,40103867,24903,34694964,42264,54726685,11937,38122894,8305344
18000,136764,88189,4029,45342,60840,18604,26263,63587064,83438,55761,10594,34535070,58140,40693898,24784,34374484,55574,60139387,11291,31274987,8694673
18250,135951,92856,4310,44416,52390,17535,29719,47610321,80819,57924,10682,36015818,57488,40833156,29763,34384577,45089,58692576,11261,31146916,8802223
18500,152178,124776,4090,43999,52803,19739,25996,45473939,76230,54380,10202,35668138,66641,44156745,26471,35714711,46425,57430709,11743,31813036,8673356
18750,143689,86090,4604,43598,52900,22041,24643,45217163,76070,65911,10844,37093091,57569,48263695,26769,40395991,46303,59882511,11615,32861071,9031287
19000,137720,86813,4389,43273,50107,16735,24090,45262569,74810,56037,10501,37200888,54053,43681435,26897,36572214,51708,58810046,11164,33030335,8857635
19250,139411,90750,4440,43003,51980,24773,25135,48393465,74384,60058,10257,39189941,55813,44011020,26757,36748669,44855,60018450,10590,33561467,8771728
19500,147659,110323,4331,53512,69650,15099,25868,48239518,101843,58228,10137,41006167,52489,43997182,34816,37051791,45961,68269593,18038,34229629,9046105
19750,141626,90951,4159,47426,56024,16813,24912,56898810,81052,59274,10258,39353733,57184,44518774,25377,38385900,45961,119419967,9246,34386989,9402818
20000,213234,91245,4148,45198,97795,16216,26096,49585257,78793,59920,10064,39721947,51828,47280984,27250,39251399,44084,61397116,10997,37309317,9109109
20250,168914,90960,3895,44593,58020,18919,24005,50883065,78406,64902,9798,44988335,66549,48094043,24792,38482212,62386,61648609,9605,35889391,9272659
20500,155173,92642,3737,41988,51277,21260,25088,51738908,78051,73963,10082,46866349,56379,49142180,23583,39892260,46169,70435665,10640,35271490,9386902
20750,174067,111236,4378,44518,50613,20752,22961,53392057,130987,65079,10426,42948588,57717,49349934,24960,41402979,45817,62893673,9369,36109816,9634220
21000,157553,94964,3718,43284,47080,18581,24069,53486910,1091091,160416,7215,46239282,54314,49294168,23522,41960932,48378,65449167,10916,36811438,9786095
21250,158282,92202,3798,42938,46016,20360,25560,58324218,65660,4253593,7275,44381572,53786,48496228,24461,46004581,48915,64790963,10175,37083653,9889451
21500,180502,97142,4336,41814,47703,19086,25369,54670089,64425,60097,7263,45986045,51275,49387200,24925,43110496,55444,64829056,10389,37761830,10099503
21750,162154,115060,3722,42522,61583,18590,25806,54013145,102253,62965,7254,42529568,51750,49350382,24411,43957869,76521,65221427,11972,39019225,10246740
22000,180959,93638,4332,44007,56060,19872,24029,57025874,79718,60326,7163,47726769,51928,50981357,25437,44572255,103150,66856131,10783,39970010,10416289
22250,187342,96763,4271,43200,56913,17876,28435,59216094,69126,66221,6944,45303157,62896,50415620,28716,44887773,65971,68508648,10707,38839489,10644883
22500,170565,99834,3745,43411,69096,19355,22705,58823184,66146,77551,6991,46871225,55919,51187004,36606,46219414,47915,70428097,11430,39030474,10528931
22750,192244,102302,4336,43299,82133,19082,23810,63570615,67201,85179,6977,45720219,54433,52190766,23336,45267023,48063,68431024,10344,39678850,10756702
23000,173128,114872,3786,43897,80182,18425,25882,56579162,67470,81824,7104,47762938,53733,53312180,24212,57795276,44911,66071706,9772,40560032,10794645
23250,238453,101062,3818,42749,89785,19840,33861,57027465,67955,79498,7259,48885919,53058,53215410,23751,49091947,46249,115089747,11706,40981120,11067554
23500,171943,100314,4742,40717,65281,41601,22797,59339922,75287,198998,7315,80082161,56376,53477129,23351,47015600,44185,117630458,9440,41405481,10917794
23750,167655,102385,4313,40495,62814,19292,23784,60744191,69322,53727,6967,49902595,51901,59906738,23294,46148113,42904,68585569,10593,42107442,11231435
24000,181653,114149,4435,43669,65396,17893,22418,81369724,67536,54225,7108,53587714,51878,54547381,61327,46681907,63035,73512549,10287,47830001,11323604
24250,164518,101077,3768,43994,60557,18093,27719,59077097,70236,56007,7274,55782737,56168,56158870,27480,47694635,45545,115590862,10288,42793622,11467695
24500,158749,99394,4311,44035,59931,18322,24158,61391658,68534,55155,7297,52465323,53703,59071300,22323,54645011,46954,92570739,10641,44726138,11762216
24750,165561,105689,4333,40663,116007,19228,25852,62094217,67699,49070,7030,54287473,55328,57794758,23049,49010387,43093,78502589,9149,45206987,11616658
25000,213583,118314,3793,44142,65911,17852,24948,63052097,75156,51180,6928,51977583,53050,61430419,21058,48526803,44333,94629043,9416,43811552,15157250
25250,200301,107458,4175,40597,58841,19804,26154,71190155,72145,56596,16142,53795747,51823,58558894,23674,50039590,45051,104068175,9963,44954282,25886650
25500,163586,104931,4288,41565,56086,19872,27091,64122294,68052,57254,6998,62026729,54790,59226268,23110,49874495,44084,138527289,17705,44674939,16437172
25750,152812,108949,3701,41345,55986,18373,25834,66326497,66510,42722,7003,57616844,50875,60255208,31439,50754729,43801,77888278,10739,46252742,13384927
26000,173997,119665,4497,39738,83070,18827,25505,80997461,69539,45303,7026,61878730,59319,62945433,21758,50671682,42037,75983776,11127,53838699,12762075
26250,154233,108822,4286,53253,85889,19674,27697,69102463,68845,45567,6950,61466585,53256,61860665,22582,51527702,57935,86466431,10391,54913460,12151141
26500,150138,111056,3851,43531,57547,19908,26546,73839649,69528,46430,6945,56769634,52154,61320939,24457,53524568,51689,76964753,9949,46928975,12297207
26750,170676,110768,3600,43264,56653,18539,26193,70134740,81082,45495,7333,67437471,55227,61400861,22850,53780926,46262,82896785,9611,47606152,12452865
27000,150137,149965,3777,42859,54338,19414,26497,70370101,71560,44446,7278,61559679,51765,64451228,22629,56300399,43982,139334822,10811,49796126,12905770
27250,151083,111802,3821,77269,56153,24204,26264,68768110,73696,45769,6989,58964145,51013,88333720,23821,58354753,43958,82346830,11764,48788349,13101332
27500,168347,112994,3816,40600,50585,25811,30403,70700426,73027,48897,6943,61306179,51056,63643236,24538,56309914,92588,83416557,9415,50951369,13261876
27750,150565,116528,3902,41870,52935,19448,27628,85560055,74067,51890,6979,65923930,59715,69695429,22777,56374550,42214,82412998,10537,51941316,13246097
28000,147523,128112,3858,40322,54264,22443,26540,74165086,79976,45902,7065,63918450,54721,65306295,24384,58750606,45621,86046564,10909,50907362,13564756
28250,174100,116612,3745,41011,63781,20007,26613,79970376,79251,48604,7261,64706977,52194,65074192,22567,59168893,57366,90089993,10723,50514441,13581787
28500,149901,115516,3778,43996,54680,22565,29034,73062834,72659,46382,7263,63949892,50903,67921525,23101,57164953,47495,84151459,13037,52873331,13466386
28750,146453,137099,3802,42198,273946,15256,30111,76031460,74371,48824,7255,66280953,51002,69523077,24369,57297155,45772,84323947,11130,52043140,13706870
29000,165798,173077,3885,41702,55130,17453,29398,78464131,71682,44878,6910,78066469,1484620,67589607,35205,63317054,48419,85838594,9625,57972747,13841552
29250,147944,119447,3729,43014,1755081,18123,39832,86797925,74692,53720,7017,78462702,65744,68091751,21929,60563935,43072,95752162,12307,52788713,14087235
29500,146108,122492,3764,43286,60094,18509,27401,86005389,82066,52889,7019,69192261,59718,69183949,22594,59599034,40863,93871490,11233,54431904,14078402
29750,167803,137198,3838,44004,56802,19999,32822,80490976,78740,56677,7293,72325023,72798,75135017,22967,63944144,42099,89006032,9587,55649502,14632410
30000,148834,121690,4247,42687,64642,20823,1516347,95337296,76920,42955,7079,76909732,98128,75130452,23922,65500390,2274695,89538727,10562,53977362,14317943
30250,145832,119752,3921,44210,70945,15476,27070,89738646,76042,44857,6890,76119637,83155,72965880,23481,61627163,50541,108303012,10466,54597007,15053741
30500,165293,138724,3849,42621,59670,15032,27023,82935834,74615,46756,7267,87272310,111410,74127881,23597,66333743,51731,119441223,10133,55463904,15229501
30750,148310,125510,3890,62700,55693,17066,23385,93870094,79027,48513,7345,73898418,112428,75560879,22234,63608224,50505,142731064,10744,57712919,14501963
31000,144700,129355,4254,48431,52100,19507,25440,84171781,88566,46665,6943,79440568,75357,75828271,22863,64107243,52784,98487731,10501,58020097,14567031
31250,159392,131391,3800,48860,52879,26818,27413,89150105,77593,46699,7526,81966575,65337,79558526,23568,65229577,49182,93723762,11759,59536228,15965766
31500,145200,138368,3858,48450,49246,19188,24556,93205504,76798,47824,7279,82698985,58890,75225041,23154,64757179,57475,95154228,10161,61241531,15737192
31750,148124,128376,3805,55589,52963,20344,26880,102392437,76717,58442,7012,78832370,58762,78435445,23670,67645669,49694,101084284,11318,66567664,15052165
32000,164912,121485,3831,50667,64432,21692,27722,89200122,77293,47268,7007,95041779,57709,81132265,23563,66161675,46054,102988792,11143,97780580,16274169
32250,147861,139062,4335,50040,56494,17148,31704,88804415,86417,46854,6834,90754159,57469,75353248,24047,71271203,48210,96872009,10167,94577707,15394230
32500,147078,123108,4674,54488,52781,17311,22324,92477149,78771,46589,7179,94570837,68453,76817652,22808,67452430,46829,111312508,9853,77110707,16139366
32750,163994,125494,4626,64539,52320,19860,24031,94053736,78642,48828,7077,94637789,59322,79197641,23425,69041967,45146,101104619,11011,71178852,15786554
33000,153846,135270,4666,51979,49913,20382,24100,94008880,77825,46689,6978,92541821,59805,82969445,23183,78013077,1309919,110418030,10799,71990741,16816338
33250,164331,129834,4227,47019,49396,19732,25256,112896509,76303,45811,6866,90037581,56614,88774382,20696,69591690,53974,100497279,11486,68928833,16465913
33500,160461,125896,4287,43186,50251,20115,25122,105481954,124403,47383,6868,85612824,55459,83806412,24170,70899628,58224,128953615,11042,81813783,16823719
33750,151820,126354,4137,42975,49433,18838,26623,98026407,80257,54870,6981,92126090,57206,84840092,23523,70768726,52682,224693624,9942,76668801,16470037
34000,175028,193015,4566,43171,54557,20671,27501,96496899,78862,56020,7054,94200808,54305,84563034,23270,70768938,49253,220492599,10411,82304050,16182257
34250,157510,130110,4163,42084,49344,17928,25613,103226238,77177,45775,6930,97061418,61010,89374582,23398,78371689,61683,244018816,10147,73120438,16568497
34500,153712,130108,4239,41765,52368,16985,25270,99539188,75776,46360,6866,94500885,63742,82731261,21120,75157130,54576,142238096,9935,75216486,17226739
34750,168468,140454,4804,42852,52344,18314,27624,106647552,82652,51593,6926,98418984,55639,82683291,24781,78905141,55667,149949407,9750,76870774,20563484
35000,155922,133192,4635,46125,48610,18886,29053,107166861,88630,51825,6936,119036993,53365,90073239,23336,73431081,61750,109184705,11501,77294883,19662554
35250,152235,133036,4389,44053,50441,25860,29159,115622388,80525,53169,6977,102854070,74803,120005682,24855,80575650,78193,160434442,10776,83440097,18157509
35500,161729,143483,4547,49790,54637,15077,68323,112696907,80451,85877,6922,127871058,50436,115673706,25293,75511374,82567,166113624,11608,79039054,18490115
35750,154883,140967,4690,45688,63178,13779,28488,126128078,75392,58884,6991,129130727,52962,93081898,25315,79168877,80402,130669481,10960,86215323,17806370
36000,154145,140538,4725,63740,55475,14500,34471,131340247,79325,50903,6950,108983025,62925,92567048,22492,77198670,88232,125597864,10019,105209672,18935050
36250,172344,142575,3754,91762,58978,15097,28823,137503178,90822,48812,6866,107939294,57323,87715480,21301,122726838,74535,185821469,10706,114040712,18413253
36500,159939,151573,3912,118048,55648,14427,27510,156030063,81704,50261,6795,105492235,59355,87787697,23836,86269925,66751,162444972,10766,99646165,19613126
36750,166186,133364,4343,64084,52472,14454,25010,134311815,81726,51928,6909,106865819,53642,89676778,21914,84113033,51671,147724933,10254,81727740,18562126
37000,219282,130936,3789,53120,53216,13400,28549,124916587,80509,48107,7115,128081531,56111,94960758,24283,82885832,49210,141184125,17553,76823029,20629091
37250,168527,149721,3877,52692,53391,14749,202028,126226683,80193,51720,6922,401157668,56647,89800698,22194,87569350,51034,129359997,10580,89450876,18657650
37500,178894,130722,3784,48951,49358,15398,24472,132145626,82222,52687,6795,221971063,55319,90543594,23132,92980381,58451,149981798,9656,85771134,19170891
37750,167901,127102,3831,51767,68637,14243,25987,120580992,88650,57747,7321,132055765,62797,101328410,21491,87817034,50193,126263662,10421,92989048,18668655
38000,163696,144586,3862,52560,55190,16055,25851,126410715,84066,48668,9502,134173161,103382,93348063,22145,82207724,49050,129850513,10595,84582088,19227479
38250,178417,129327,3741,74239,51551,15829,25530,143628593,81597,49842,9403,111838195,59813,95729909,22189,86603711,55949,120959965,11044,98369749,19292617
38500,168568,126561,4296,60939,91460,18460,23285,126699754,82346,51534,9424,259674973,55897,97182024,23008,89700725,48177,118930173,10482,86064018,19597419
38750,164432,144378,3823,52105,48470,19247,24610,130633525,79633,51475,9372,397632967,53215,97013597,22439,83478590,46843,118926924,10208,142712792,19563778
39000,241637,129061,4351,46190,51196,19189,24834,133183585,94761,53278,9479,137215129,53609,95413596,22536,92777412,47559,124068098,11278,186538156,19671977
39250,166086,129014,3844,43995,50544,19406,23981,163091691,83521,52950,10072,117894911,55004,97016325,32365,86724274,45437,121167522,11044,70753406,19586294
39500,182267,143502,3768,43399,68286,18417,25201,152910672,84777,52641,9445,209426792,57171,115452900,21538,128999146,59721,126572917,11128,70115354,19576966
39750,162965,210908,4286,43415,56345,26175,24462,131104624,85252,57018,9454,350121284,58265,98314348,21990,89665705,49151,144812156,12374,75519765,19716849
40000,163436,131902,3842,43630,55100,18428,25768,143366735,82641,51444,9553,227291680,51489,102387971,22533,93242404,47450,123555368,11592,74066917,21064698
40250,180205,141670,3852,53133,101003,20961,31940,144964468,92875,50262,9431,214612186,51901,104790392,22594,92569998,50501,127683729,11166,73458115,21908664
40500,164371,152096,3891,47904,82080,19815,36388,147536525,86130,50464,9582,526939628,53989,102966877,22368,92248454,45672,126805994,12166,85853790,20295785
40750,162719,138670,4276,46396,87843,18445,32271,137384813,85789,53926,10023,481640827,54007,111243702,21733,94651188,52572,132157569,10227,77551773,20953820
41000,180497,143130,3873,44079,158042,18702,37632,163377073,87678,54609,18465,290044534,51327,105099627,20712,100715938,45945,128148395,10250,79812004,26493206
41250,158408,145250,3784,45513,58808,20468,43973,167062220,85938,52715,9564,286891487,63027,108245705,21215,94839286,43339,125229006,10013,78701184,22037598
41500,180753,135871,3904,47014,56782,17188,30889,157090103,99697,63761,9468,218518989,54520,106963090,23229,101469237,47837,128318152,10552,83082924,20814650
41750,170429,145157,3798,45804,58768,17337,31750,173708462,86611,51083,9985,200328957,54204,111387062,23285,98244321,61350,136826432,10469,77276973,21759215
42000,166293,149988,3860,44175,53991,18484,33227,229019153,84745,51575,9491,197485090,50628,111911902,22775,95973669,47243,137147460,10824,85261942,20908329
42250,221131,138948,3871,42089,75916,20435,30426,165275200,3114080,55013,7488,210573896,52238,106681909,25252,94766543,45447,152622628,9795,76801755,24235682
42500,167755,147408,3939,53140,64161,19262,27939,191060248,76919,52563,6929,131854797,47505,110800356,22362,105199351,46463,138384874,11013,80556629,21372352
42750,179346,152641,3878,45743,53138,19412,25276,161649430,95015,53374,6883,124869536,68308,116794318,22875,97228372,45035,140838252,9970,77687873,21711103
43000,172079,142167,3777,42017,52805,20761,31235,167046172,82134,53685,6818,120322413,58341,136966606,21605,100884489,42967,138554577,10261,78272710,24049778
43250,171301,144069,3823,43174,6415165,17893,29975,152177932,80678,56091,6890,116976431,56146,136884758,23380,100591376,61628,138769909,9498,191590185,21661442
43500,414780,154616,3778,42947,83467,22138,30967,189692628,84071,61957,6826,112679348,51527,123752394,20913,104427580,44193,142865568,10577,86886420,25937756
43750,183650,145901,3833,95122,75356,15603,26393,164221924,76522,52212,6970,125916720,51205,123575108,23564,103898561,58134,137302963,10169,137285719,24881934
44000,180422,145526,3886,45308,66059,17765,25242,245157600,88571,54185,7014,115273231,49138,121917722,22973,119685090,48141,138796302,10706,181933734,25752461
44250,169046,159298,4413,43192,88916,16878,32289,222465781,80671,53988,6958,130011537,48731,114322720,24607,104605673,46640,160932328,10039,134331141,32792180
44500,186680,137942,4275,54207,64211,19209,21922,201948165,82279,52774,6999,121422391,50498,135173910,23699,104699967,45756,149192310,9775,211794832,22781762
44750,173073,140940,3859,44115,65783,16755,23629,184174536,83502,53718,7007,120489470,48914,117414548,24221,106366994,46471,143731388,10731,158757504,22595173
45000,162082,156182,3843,42104,57297,18399,22642,179459314,76523,54569,6829,121818350,52358,117804902,20592,115754535,44393,141208738,10305,145370729,23542027
45250,184893,134124,3781,40837,53121,17669,22071,217036116,85902,63057,6858,131884657,49085,125944820,22469,120746812,88765,145512990,10163,163573301,22967017
45500,171711,141628,3867,41494,56915,15970,21899,192685426,85000,55750,6833,278526596,50821,158971205,21378,107630551,47231,145264295,9600,157968577,23746642
45750,179002,149838,4317,39571,92018,17413,31969,186852285,79867,53940,7147,227877214,49798,118848813,24283,111413198,67501,146371814,10125,291313721,22861347
46000,177110,135067,4125,41464,63730,17505,34422,197797017,78124,57492,6819,165156921,49084,142980439,25905,116954086,49446,151805087,12229,177931787,25672073
46250,170857,144176,3893,41505,87183,62689,30006,188432643,91574,53973,6983,195924303,50387,123606441,40322,119029738,44643,155418326,10647,100469593,24226033
46500,179598,156304,3853,41667,57129,16925,21907,234959555,139011,57055,7008,373052488,48148,125219021,23994,111949817,42955,145846766,10488,100601721,24501408
46750,167533,176956,4374,41397,57918,17651,21884,224626708,101015,53883,6958,444369883,48420,121575536,23257,123712704,43909,152430792,10136,93552855,24511148
47000,168826,143393,3845,54458,53303,18890,20542,217607594,91241,60130,6904,128674054,60572,139476491,21837,122222972,42794,151970967,9831,90773256,27880420
47250,228762,143959,4436,43695,64700,20155,19985,208913473,100437,66808,7499,210320767,54210,128622935,22289,113877484,44849,154410002,9944,111810268,25330512
47500,171696,144627,3777,40605,53161,25302,23123,237623449,93598,56026,6873,130786965,51710,137120819,22948,118023356,42660,152434547,10168,105471755,26512860
47750,183355,144742,3756,41622,52983,18421,21548,221409233,107964,54183,7032,203427946,49635,134881030,24139,118491896,57266,161154554,58605,94189112,25159456
48000,170922,159060,4432,39965,51732,18692,28412,247600833,92757,52855,7033,295573506,50564,140157561,23582,137572363,52256,155513446,9712,92245266,25529518
48250,167793,141176,4154,40067,52481,18993,26923,226799767,99927,57130,7068,144085342,53108,138950471,24767,128051724,58374,156118782,16883,87808398,28463366
48500,187730,143472,4603,40968,50246,18856,21509,227731212,97310,55252,6997,186436441,50301,128403750,24666,135373974,46206,182010765,11214,88004142,26264791
48750,164969,158990,4059,39025,46777,19456,32043,249471750,106420,57266,7279,252206921,54449,138983608,23511,127587394,42330,154363453,10819,88746824,28692925
49000,179377,142044,4465,39108,49214,20323,32339,269586135,111459,61743,7050,153364930,56286,139680312,24436,140255099,46089,152735668,10564,93046149,26501859
49250,169342,145608,4085,47965,50441,20961,22267,236030891,106862,52777,7342,169574434,60952,138374107,25378,147499354,43887,167156289,10443,88432801,29394377
49500,164294,155890,4061,41308,60530,17805,20975,244151175,105027,52675,7027,229651106,52141,143572968,33435,128875624,41144,166664453,10441,93278047,26629837
49750,180563,146162,4196,40660,55797,18258,26203,352044234,111057,53861,7427,177402412,50419,156779872,22035,124737456,43330,167104538,11396,90938767,32552774
50000,170440,149482,3962,39940,52853,18131,21250,276722400,106128,51275,7319,216453620,50048,158474669,22999,148715808,61148,162035934,11321,96313854,29403377
50250,165364,162130,4523,39918,49616,19862,20903,248966860,103570,53323,7403,284023089,57149,149815176,21848,129201174,52051,158569273,10494,91464004,27811203
50500,245946,149791,4164,42419,51391,17881,26230,301120700,109241,58283,7424,180341778,47180,165700135,25244,138054351,45817,174453796,10943,92256063,27560901
50750,164297,151305,4152,39530,50471,20254,26510,262629365,116589,89059,7301,190901758,59178,157762493,19930,134951033,64306,178214605,10408,93544063,29969101
51000,183352,163698,4515,39260,48214,18247,22209,274242268,102476,55187,7408,158377215,51296,188899628,22809,135772200,54834,169769498,10074,97342634,28896447
51250,168822,156666,4156,40191,86672,18551,23359,300828735,108118,56030,7435,152546277,51427,154651975,77154,139762932,52946,173835568,9986,95319690,32419381
51500,166763,152561,4059,38938,52750,19632,28644,296129613,102533,51738,7378,238149059,49382,141820192,22097,130968404,51240,214049452,10662,95168408,29514121
51750,185251,169348,4660,52978,55031,18332,20788,287634912,100028,56781,7081,162460115,50083,151153721,23455,144651310,69250,173467305,12115,97055824,29176188
52000,170201,154216,4346,42247,52392,16354,20210,265385332,99733,54827,7393,192941410,50212,150114849,21199,149863072,60920,169675589,9895,97672990,29742658
52250,180287,154817,4253,40236,49853,17423,21702,564629311,96837,57149,6898,203023338,48665,175521546,21612,143394425,51849,214834752,10569,94751853,29637646
52500,184775,208971,4090,41196,50881,16772,21270,432724819,102190,65977,7469,162535647,49150,180782174,24273,151118601,47901,177976882,10058,100714221,30012408
52750,170095,154260,4612,38794,46347,19158,21491,320998331,99580,54837,7291,186223854,102069,165672776,22481,141075412,44211,195891512,10579,95454071,33231840
53000,206785,169336,4775,40097,62080,17168,20734,329289141,111592,56560,7079,189602452,57395,154119210,22094,142991620,44144,174829036,9856,100351956,28607052
53250,170483,157598,4067,38198,56083,18030,19989,322588409,101048,53416,7066,202992038,50393,156878828,20072,139432044,52431,175485125,11097,97030495,38239661
53500,167339,160616,4260,38290,51329,19760,22976,326662967,100973,57867,6972,170996927,49771,170631905,22928,161497395,42900,182379728,9659,98482688,36647283
53750,199722,170749,4283,39254,53065,20431,23651,379112224,103318,54801,7061,191288275,50388,163885406,23777,231659297,57029,181695341,11091,109357293,30745136
54000,173748,157536,4218,50093,50256,18958,22224,381026386,109195,56318,7325,175659042,51006,153297636,23148,659783770,45130,179501539,10484,99165353,31849275
54250,185979,158172,4131,39947,52881,19215,27332,359925063,106660,59352,6954,205879046,47933,191366980,21572,822016400,42376,187397925,10158,101401210,29942216
54500,171640,167614,4723,40337,48470,19079,22128,347323746,121840,55460,7400,249420484,56161,157478226,23996,789781083,93735,179723041,9695,101567453,33209210
54750,169148,157989,4239,40108,49991,21141,19683,325771978,113759,53957,6962,200482926,56263,172770983,23865,740771884,44283,183252230,11032,100204585,33463470
55000,195321,164242,4169,38624,64533,19656,21007,379242022,180281,57150,7024,186171434,51905,162601744,23346,656597744,44092,187709594,9959,106398359,32282448
55250,174479,160607,4482,38998,52628,18780,23182,394595005,108822,54939,7452,193765438,49997,180791031,24563,739937184,43048,182886852,10338,100722081,32463912
55500,187181,153816,4167,38559,53197,27564,23416,360789156,116202,54963,7069,200249877,51222,164942832,22999,701461376,42536,184054120,9920,104073356,34352907
55750,172406,172941,4566,38554,49011,18506,24100,398576228,113434,58874,7074,200502605,50176,190815340,24186,625489670,62573,184662870,10768,105661584,38611714
56000,171614,152505,4043,39529,49229,20621,27876,380444422,137972,62346,7052,204669443,49344,165977364,31342,628363755,44827,187444518,10873,103811805,40929850
56250,193202,157630,4061,42266,47354,19585,26026,383546971,107866,57258,6885,198303714,49305,180676347,21765,746048130,45387,191561698,9720,110923247,39073137
56500,172083,173543,3837,51825,46486,20773,24738,377250673,116857,58691,7687,204324286,83964,194287273,22680,738460418,42813,190202147,10819,112887763,34052969
56750,186303,157792,4492,42098,48382,19967,49442,386131918,127121,59056,6964,199121656,53753,185219855,23140,712639695,44163,194074841,10782,111702145,37448911
57000,179175,164410,4051,38841,75050,18503,25103,468253223,117926,57507,7397,220222364,49922,191342945,22777,673023412,41059,188777878,9154,112766898,34137576
57250,173362,167017,4129,38135,58466,16731,29876,386843078,111662,56321,6877,204078425,48673,182083494,22665,717957035,42692,193273355,9992,114477527,33461962
57500,191119,161109,4111,38233,51838,16110,24772,409292133,110656,56690,6880,198379801,46796,190352762,21428,724902819,42866,200167196,11004,106797875,38725118
57750,213520,158992,4330,38690,53847,16585,22166,428913157,126701,59192,6996,205523218,48644,191237642,22799,659792944,41916,211179228,10904,109389101,39724173
58000,175754,179747,4157,39577,51051,15659,22363,407441507,110179,66158,6967,267541731,48478,196488993,22649,683266965,56465,205763572,9192,109231970,36665625
58250,181237,196988,4074,37926,49770,16603,22525,423845689,108796,53353,6910,279986416,49062,202841894,23274,536018241,52495,200132796,10750,109104223,35304821
58500,183706,182393,4126,37666,46652,17344,22264,404472867,103685,56487,7372,211207395,49963,204569751,23280,521485448,43351,197184236,9162,113430442,42926746
58750,247051,160146,4118,38160,57281,17539,23051,448969263,100607,53420,6901,253107919,51360,194326973,24071,486397878,42619,203510423,10047,114350477,36113159
59000,185459,161689,4059,50525,55871,18181,20997,443054330,110663,55626,6986,214190332,50908,206872418,23030,413605937,44752,198382269,11192,113668635,37800009
59250,188916,170891,4301,39293,50109,19990,21187,454390248,100449,57923,6880,229525389,51675,257982889,23462,415570323,40598,203677107,10639,114312035,40526738
59500,181311,160034,4139,38620,50080,18215,22088,448101273,102553,60630,6922,281847594,48819,216421061,24481,612009777,41087,204937781,10400,119959391,38819652
59750,186109,166965,4539,38722,48023,18563,20334,516330199,102358,66504,6881,221654323,48631,216649913,23183,584865724,43045,205628017,11108,113798122,43862422
60000,205111,172659,4638,39264,51410,17201,25784,518960858,116907,56301,6883,243162219,49197,204722454,24741,603447275,42905,218118664,11106,116988726,45105687
60250,190493,164490,4416,38447,49252,16319,24431,473097527,104504,61698,7078,258394969,55315,219107605,22980,490790463,58049,216481048,9224,117990852,37242186
60500,214224,176651,4313,56186,45815,18424,85008,499961406,97274,56855,7062,238630186,51569,203321143,23831,755277075,46459,225013596,12135,120080699,43066665
60750,208176,164532,4142,61219,56311,17183,22635,486408143,98496,57195,6879,215996930,49561,221983524,22652,716261318,52343,210620710,10650,126335967,39194989
61000,219073,165886,4202,48368,51830,18466,21132,482729657,106867,62432,7014,238931623,50810,200215313,23930,630556524,48255,204735916,11078,124070514,37576646
61250,201481,178821,4527,48940,52276,15537,19612,491841734,99333,59837,7327,249026026,48232,231738790,22316,674591843,48194,206569149,10068,128082771,43846665
61500,208993,164688,4208,47785,2885099,16087,20899,492899251,101808,65604,7171,239276982,49238,237611593,22884,556529222,48374,214213056,9709,129636720,38407427
61750,201578,172280,4229,46536,106150,17747,23155,526795584,101998,55972,6967,226999364,48156,223556758,22740,453936205,49926,225328100,9604,128569592,46513481
62000,198746,174956,4562,58424,130639,17519,21870,506757662,96622,60637,6867,246756338,48162,243703924,22663,343236404,111530,213084579,11009,129231847,44316908
62250,249315,169501,4139,47298,150590,16791,21082,567492914,102800,61406,7003,257722521,53086,222699767,21578,381252363,54387,226197867,9311,130616082,46769198
62500,200225,173146,4574,46577,112360,16992,21231,550066788,101159,61255,7098,243358261,54508,232106456,22898,693672770,47115,210603300,9936,128457871,41198543
62750,218237,174183,4629,45089,88456,18535,20315,549000742,99490,62559,7014,256606520,52923,219308240,23851,746526315,50974,212172282,11159,137592503,42818638
63000,196613,176360,4206,45988,66566,18550,22184,562834549,102116,65473,6957,258734108,51685,260345218,31927,765224684,47071,212991615,11602,137746926,43178522
63250,210796,184123,4249,46123,61621,18554,22317,540476287,113000,71481,6952,286352431,52657,238700462,22659,669858573,55683,215625183,11284,133828036,40917851
63500,196575,208312,4201,44638,62842,18048,22992,553902775,99067,65275,7298,246216395,53810,266834099,21543,615632908,47696,224072112,11922,141484701,43504131
63750,205537,188170,4380,46647,70683,18262,25287,567790613,97317,63924,7354,273737865,53662,302744755,23797,639374413,46186,232412357,10231,137646250,45807851
64000,194966,166143,4423,44154,63114,25515,31433,565733936,97504,67715,7306,269432510,53292,235559862,23841,661585134,57813,229465793,12709,135867411,44446506
64250,192262,172258,3968,46499,62058,17960,21987,556471838,106606,63120,6942,268764092,58349,239603329,23473,576051544,44630,217526640,11629,147453878,47234147
64500,207016,179939,4318,46941,102618,18337,23238,662987314,93744,69444,6875,278151273,50919,303466189,22746,663282626,44305,235393498,12556,145492278,44681352
64750,189973,172155,3810,44213,61135,17824,33024,600015016,90099,96300,7079,274533360,53758,264382103,23328,552657026,44929,240931696,11921,145144017,47450016
65000,207299,183448,3875,44953,60973,18033,22943,583979200,94783,67551,6889,309628029,56298,264302396,22919,558727973,43936,224459270,13171,141206274,43408036
65250,193141,165582,4381,45072,69891,17837,25699,587875214,92363,64668,6903,317214846,53508,252824111,24474,631746997,44156,245192601,14928,147177181,48433039
65500,200117,171112,4389,45662,74863,16916,27759,602931514,110911,67398,7142,306690740,1779428,263150440,24564,640550919,46786,223978769,11003,144569900,49368773
65750,191365,186605,4088,41976,65877,16312,41272,625456815,104211,65869,6884,269199021,70588,338550871,25598,673131279,2492489,230937352,9355,144474094,54203034
66000,192313,179024,4206,41721,69060,16385,44870,606897752,98073,68936,7043,297601547,73431,279421489,22959,710930893,50501,229247177,9311,148098853,47379298
66250,205677,185433,4725,43383,68034,17982,47821,634704085,94297,74578,7019,295901816,58082,321105888,32502,698954035,55254,230724282,10442,159267911,54756205
66500,188070,169755,4324,46739,66232,15653,52803,666713204,107798,65836,6993,280139217,56329,271845243,23687,719135043,54361,241353576,11012,156113882,48508564
66750,199597,175358,4603,44307,77855,13399,39036,627187674,96733,65347,7070,317950831,65019,251352928,22971,510636802,52533,231053140,9359,158516701,58603660
67000,231938,189757,4380,42405,67527,13875,38377,642615837,100536,64795,6874,274904678,58096,309430115,23854,608693978,55587,239035667,10421,150004218,56427902
67250,200684,178042,4275,43984,66548,13264,38171,722671578,181088,67787,7085,315018170,57181,278181120,23407,524151335,47606,239464318,8793,153146452,54696184
67500,192090,195596,4260,42504,72275,13874,35200,616273720,111046,67001,7087,318043043,56102,280324294,24127,471686032,1557927,234628122,9880,182130380,48461978
67750,186072,180618,4378,42082,67764,14747,34600,656730304,98782,78200,7101,302267806,56470,301478645,23475,551980778,54542,239403709,10725,156351009,52762926
68000,200001,174183,4726,43114,62458,15608,28468,670649452,94583,63887,6944,348885083,57315,280556686,24595,470014006,67085,266170080,10521,161449928,56842020
68250,184872,187990,4384,43113,231162,15265,26767,677074768,95756,66175,6974,318426786,56048,311818363,22707,553604867,55181,243669992,11067,155792022,49809986
68500,205992,212695,3807,41623,84301,20770,23671,714512527,100538,68352,6831,310333045,53185,295795570,23467,495367236,49911,256472546,9047,168855289,50911421
68750,194443,185408,3770,46031,80491,14733,25509,694995280,98500,67651,6875,354339787,59409,427428953,24622,607168532,52806,251307774,9328,160564803,56541269
69000,189725,165897,3930,44817,87295,19048,89565,654450008,101532,68051,6844,394735645,56064,331451845,27303,540502828,49216,265116332,9918,160983417,53575774
69250,206839,179304,3905,71231,105362,21148,22226,678841121,100800,81152,6975,311956072,56979,331716282,28104,608367487,50793,254475571,10778,163288959,52274530
69500,186394,180997,3970,84759,83125,18624,22819,705056694,98975,67004,6944,342910778,55732,320985060,38421,475972487,58658,249974445,10562,171679805,53109575
69750,202796,171598,4238,81608,62686,18384,21609,749857966,105939,70430,6898,330600368,52759,305035290,24885,470874292,57356,246714180,10012,169153939,55990524
70000,191204,188082,3927,158604,61935,20258,23156,676258621,99616,68070,6906,323061779,53345,293301908,25383,545974225,92497,251956600,10696,175617030,57193652
70250,205239,177957,3821,100027,54152,19777,23542,751267579,102118,68653,6866,357396210,53925,353390899,25778,543447413,49451,262521299,9369,166040209,54899520
70500,189363,179600,3764,697330,53265,21164,27507,671283693,107858,68415,6878,377815524,66035,325799229,25253,383255205,50187,245416434,9558,168403284,64735271
70750,182121,184001,3856,101198,54651,20657,23356,731503797,104368,79690,6844,312485051,68828,319198877,24105,506414233,46589,248089890,10925,174843885,62393805
71000,199930,174322,3945,78047,56697,19351,25272,697348250,95350,68107,7015,360273710,52789,362095852,24687,563722944,47469,259019845,16560,174516017,66524170
71250,188882,192536,4416,70315,52546,20208,23856,806053876,97561,71527,6921,376482476,53804,331213541,24567,526895090,45969,262553534,10515,176971593,71883471
71500,203177,178697,3889,62205,52239,19885,29888,799513562,137527,68207,6948,526870224,53221,326971993,23465,360909992,45437,257254188,10017,168618662,67406348
71750,223204,179764,3824,61064,52654,19653,32003,747962685,109001,68386,9384,614882182,52197,386889907,24537,706529670,4297303,267720440,9518,190008328,62741252
72000,221334,182697,3889,67607,50919,20523,23691,786983906,124187,69131,9559,416206692,52539,387263448,27178,404510240,82956,259340814,10511,173166533,60638073
72250,187408,171253,3842,60469,53927,19834,32520,763315454,102344,78772,9595,458419361,55277,357508121,29123,610975324,126175,284245632,10027,223029118,65461872
72500,187122,185046,4424,65358,49370,18511,23408,732743502,93429,65029,9444,355504516,54615,401181818,27772,500422268,82840,259215833,9405,186597548,60188453
72750,205372,169258,4366,67608,65242,18758,20414,740697359,103377,69619,9521,385241513,53462,357958592,24652,383988208,73061,255609695,11515,186448436,66007425
73000,181268,186391,4255,60976,54211,18490,22446,982700405,102147,68071,9562,375468885,50345,385709744,26183,353940503,60690,261816961,9066,182959876,65624204
73250,205131,187760,3977,54857,50519,19864,20034,887146389,98485,69990,9768,362703112,52444,373774866,23495,554566062,71656,262405598,9261,221365023,60442410
73500,186149,211968,3924,52271,50918,18138,20913,916605319,101223,67928,9610,374103314,52544,337157175,25427,535390299,56303,268088882,10830,260426237,58574097
73750,192356,190176,4334,61276,48892,19532,21853,967959182,94996,94050,9419,376307201,53801,406874334,25672,665606388,60885,276329704,9691,231406308,59989120
74000,194620,178433,4366,58706,53969,17621,22682,933691435,107635,69902,9335,391054297,54437,363034930,25602,649395553,64737,269125790,10697,186867046,67514339
74250,187846,182333,3822,56383,55612,16726,22069,958348538,94896,71299,9430,428913466,55672,388103861,26332,586806219,54887,271503679,10427,207881881,70394913
74500,201456,189723,3908,56956,75180,17245,21159,1068423964,99763,68002,9759,373185970,62590,381483203,26099,780138791,58614,275152435,10190,211291212,62373099
74750,189903,180953,3912,50613,74268,17591,22846,1010419950,95659,71826,9365,491541249,55759,391893242,25124,756420388,50468,275124483,9973,194576227,61735483
75000,199001,195535,3831,55928,75163,18975,21925,952903425,107041,112945,9448,366564713,50268,410799225,26818,563834674,50085,275055749,11743,206792238,74460277
75250,186761,179134,3743,153994,90556,18852,22471,891149925,101072,67194,9380,456688744,136063,424896764,27022,528580399,46701,274649790,10477,214336628,64272138
75500,185130,191914,3894,57402,68153,19145,37234,816471283,98490,69036,9881,468644096,60963,405656373,28655,445089936,49946,270267858,10702,193919650,68480284
75750,205259,182836,4723,48864,62459,18628,21810,794617212,93508,71756,10453,412659378,57033,512962220,29036,526038230,298659,284056281,9901,195258286,67137609
76000,189843,181048,4240,48217,78193,20143,21807,802797144,102454,70969,10140,425251120,3910479,384271887,28774,443044064,51847,295099567,10342,206107008,66156955
76250,205079,208992,4369,46791,61724,20014,20371,805019444,106910,75503,10443,416588832,93801,397281368,303848,582222069,49992,311426592,11055,221647743,63374352
76500,229224,922214,3874,45569,59355,20628,22119,802098159,97597,103705,10011,446313593,114832,399442617,30168,470256423,46921,317553407,10339,202815697,65958290
76750,218871,179823,4320,44996,62769,27512,21456,823161253,94538,74549,10420,426195641,89011,429817284,37118,489534956,51636,312891850,16743,204246678,77831955
77000,200620,184091,4011,43933,62803,21103,20588,800250428,98044,229021,10295,433430013,86032,428786193,42096,665399274,58580,307715166,9899,212609213,69747935
77250,209272,193347,3937,44110,62924,18113,20577,812973095,102086,70811,10398,476236987,95462,435975619,37480,523590710,48017,297690466,12348,212770509,71747405
77500,207225,217984,3915,58976,86658,19170,21247,827226961,99589,82452,10116,489114001,65389,439528077,43302,463409910,48191,307253037,10322,212992282,70192254
77750,204437,204456,4392,45720,151878,19241,20592,851600642,99956,70461,10025,490889947,65420,425814873,40642,493163111,46043,586530745,9797,202056106,74648033
78000,237662,186266,3976,46159,98019,20770,20475,832422940,98314,71378,10150,478952960,63374,483052102,80025,532380874,47073,405542271,11102,212827771,73835550
78250,213317,206377,4022,44152,65602,19001,21740,851176672,97031,70468,10310,554654131,59632,462936237,46008,575186203,44724,349832105,9208,209503214,71671528
78500,229283,189889,3961,42305,58406,19998,18925,859918616,102387,72440,10294,460853868,56386,551367568,55392,524322759,44087,301858099,9621,208699189,74192398
78750,210985,191378,3780,44443,56679,20419,20944,835166538,98215,75373,10359,486672718,83333,430044716,32790,1855106717,62993,313186230,9957,220088903,71658974
79000,226803,196773,3791,43037,54577,22535,22003,832997717,95076,82005,10531,464838951,68486,458087482,23009,1882374141,48210,290438375,10129,217878945,76866812
79250,207967,271367,3857,41543,75978,23223,25711,863956739,93357,70908,10879,481523800,61327,460692410,23332,1826481962,45735,294621078,9276,217302160,76622822
79500,233496,192527,4013,42991,71760,24650,19689,852084638,104943,71692,10608,458126612,60640,466221015,24509,1907376569,52930,288291218,9484,229055036,79294628
79750,211116,180193,3880,55701,63427,30360,21660,869943536,109076,74502,10130,510219495,60099,482109432,23018,1259333765,44994,293278608,11343,230189363,70964394
80000,229267,416464,3881,43557,61277,22826,19922,863089133,102128,70356,10699,473934325,56173,498328493,24621,705734609,44202,294559641,10276,213189222,77071961
80250,216448,188660,4004,43265,52463,19326,22011,898548730,96618,73009,10562,511635682,64850,496108831,23449,550641205,41750,292754121,10470,255303366,104471441
80500,237746,179395,3920,43913,55873,19605,22419,884602190,98906,79230,10500,527950856,57536,494033550,23451,900928298,44263,369523428,10434,236979385,75478129
80750,262694,183687,4406,42175,53185,17577,21656,888148039,122042,71111,10864,543470490,58850,505717984,24565,484728066,41452,297434885,11131,231511426,73209975
81000,231951,192585,3871,43538,58284,19011,22176,865908584,129051,69386,10688,500855228,55681,564479089,26107,432823244,60319,303322124,11072,220429174,87929108
81250,210847,183285,4138,42682,60491,17096,21019,866608289,97746,74108,10326,524793566,55768,548083803,23551,542861979,46589,292844536,9723,291862011,85179696
81500,225191,192792,4038,40735,53187,18315,20006,885392058,92491,78482,10937,487913131,56101,506987571,22555,486883611,46729,298243131,9819,228784252,78103353
81750,211102,181203,3934,40938,54922,19413,19765,875250065,107813,84318,10555,533014583,53792,486651309,22619,506829508,51207,335121081,12309,225509455,88051701
82000,220239,235551,3975,59454,55060,17945,21860,911708865,99413,75197,10248,499183229,58399,526443471,23873,449909847,60819,320186265,9983,230739109,92301769
82250,207720,204370,3805,45708,53412,17891,21370,878377560,97566,75309,10437,599414837,56528,533571308,24984,513424284,43262,308084646,14215,228633903,80380557
82500,206606,187693,4334,45604,53368,17293,21195,898324939,94694,73190,10477,568780997,57160,506302437,23184,477237093,44332,306821565,17487,225208407,79771740
82750,215764,197713,3807,45195,63931,19338,31480,894952437,105179,71329,10724,499700958,56971,530584450,23471,612912200,44947,309473702,11032,236681618,77981554
83000,200762,187885,4147,44376,62303,18250,20261,903402174,105237,75165,10610,640635665,56520,638080991,23171,589591988,57979,338247782,10691,236669517,90157876
83250,218577,207032,3899,44992,58544,18603,18610,918680299,100453,80336,10770,586677993,54161,579215691,23626,504237323,45425,388309113,9357,234510326,80853804
83500,199924,194893,4320,44337,55083,17614,21273,935861142,93610,68811,10586,555113276,54925,599692457,24394,534837941,48578,376174551,9298,238267343,80764310
83750,224737,200851,3966,97419,55858,20977,21342,912578443,100574,68869,10789,536211098,62238,544346395,24099,517413723,53203,383595035,10329,241873815,83475377
84000,210646,210468,3956,43864,54196,25149,21334,903148648,111047,71708,10179,542928575,61552,571702383,27182,518648020,61891,341663616,10595,238196023,100627654
84250,233903,209015,4494,42544,54782,18437,20597,958431274,97530,70719,10233,582224265,61174,568356738,25773,501664994,60731,307662261,10426,236761347,84871213
84500,225363,214665,4424,42627,71106,16464,22776,924776345,101221,73250,10465,547517112,57957,539918416,30453,679906504,74631,339540875,9662,244156312,83243690
84750,243912,199545,4377,41852,67206,13386,21336,941708106,101993,78858,10611,625047552,53735,596414920,24637,547301893,69939,314274679,10870,250402576,94558836
85000,235542,223777,4700,42808,57790,12893,21016,914887467,116918,71943,10334,606049758,52060,626721538,23572,609501723,79431,334882725,11197,252238172,92111995
85250,310964,212960,4578,41670,54518,16288,22195,937163166,7725976,69574,10598,626434855,52367,628561681,22509,632085693,69919,286558575,10320,244881447,86070207
85500,239842,227740,4715,41030,55712,15830,21283,927230021,93590,70724,6992,594407319,60221,734651503,23677,618854561,54334,296534700,9695,244574299,85651222
85750,257267,214727,4276,41033,55669,16900,24491,938173043,94667,72788,6840,596266723,61479,563819983,25845,589326041,49574,296421830,9712,247835604,102370840
86000,237974,233461,4368,56155,56451,16672,20964,971109500,92437,73758,6826,636064028,61311,597662647,24170,699401597,48416,292728753,10798,285739757,97236503
86250,257181,228115,4329,45172,63418,18936,57498,946498272,83993,78102,6864,609125791,58451,628010208,24590,587688181,48527,302451989,11124,263003766,91355007
86500,235771,304587,4218,48666,58986,18846,20019,955906885,84138,73532,6818,603290723,58924,633541652,25051,630184047,58028,303439424,11739,266045075,85833181
86750,261305,231129,4175,45793,60648,19064,22100,951035885,81243,70544,6979,685691176,57110,645748756,26585,570033054,46784,292405037,10677,295000701,97654139
87000,310452,230636,4472,42280,53733,17881,19209,958679232,90328,73485,6906,661576075,57027,647872067,24467,659138218,56356,505745092,10913,330120256,100049940
87250,238667,208552,4312,41736,50853,18213,20316,964262024,82774,70511,6827,672584842,68360,695537596,26754,562021915,44902,492040958,11456,313499832,94612623
87500,249884,229718,4185,43164,52607,18134,18971,1063541065,85405,104965,6858,665632118,59611,707813701,24459,636540721,46130,315325196,9860,322010434,111448929
87750,244303,215389,4154,44672,54383,19078,20313,1000495009,80194,72520,6861,652789089,59218,678132054,23902,621290191,47667,347353722,10376,307811191,95866066
88000,271656,235498,4246,40458,51774,19877,20983,1008540591,84441,72635,6827,621172314,58502,772644173,22595,602758642,44226,310159255,10072,303457316,104737557
88250,243435,224954,3990,47037,69049,24306,18584,998048368,91634,69799,6869,657963983,55400,749894462,23743,659740118,45949,317288022,10432,316048813,90830568
88500,258433,238696,3855,43843,52459,17808,22633,1084388254,94558,74556,6810,607341568,51585,843510105,25158,675326005,54951,301208152,11501,543287014,95319111
88750,278149,225615,3837,41902,54594,14018,21939,1092470511,95714,75620,6868,674746549,51431,862402278,24182,629063943,47222,311725779,10591,353535905,91136211
89000,247419,244391,3865,75417,56875,13578,19992,987192030,93605,81226,6797,694105344,53946,860016917,24723,681746711,46266,291681149,10250,293091691,101202617
89250,254324,235268,3909,42476,163403,13502,20808,991306594,92582,72230,6791,666051840,59324,696471474,23301,677022627,47920,304103934,10255,264839534,103588735
89500,245489,247970,3943,45997,71733,14323,20667,986127047,105891,74383,6797,708187876,53861,654333641,23796,636469123,50538,346801791,9146,289347318,93840824
89750,243418,236339,3970,47998,60814,14194,31932,1006405365,91530,72081,6802,672198334,357516,735403811,26555,675359172,45000,426699493,11370,272809280,99754834
90000,232443,278816,3900,54490,54186,12945,21763,996097906,93757,72889,6787,641663029,60577,666697759,63760,681159279,44373,395343676,9684,270300840,103071423
90250,255280,337350,4384,48437,52136,15229,22036,1002531570,94682,77922,13604,686335509,62387,681015652,24853,653766758,42252,475058628,9680,271339238,108317593
90500,230503,265156,3880,52090,53164,17193,21475,1005642530,97857,75794,6789,693848922,61476,811090374,25683,717489123,56491,553754371,9382,268713937,95794720
90750,249779,284454,3944,48934,51793,13884,20403,1062182600,108569,73212,6845,655925141,61729,771611664,24961,745944177,105786,596647676,9206,278684966,97313467
91000,246565,268392,4370,51213,52059,15415,20540,1043929849,139882,78420,6812,776237016,63007,685062784,24042,712015999,46888,489422132,9437,277956254,100783711
91250,265497,279246,4439,59715,54712,16821,19694,1066293919,95214,76511,6941,747775651,60694,733901756,24324,731051158,45205,401875129,10306,275287953,97796389
91500,240318,273776,3860,69914,56837,19727,21000,1046682725,94605,78239,6835,684259597,65710,741562892,24447,857759409,45264,377663194,10106,276336925,97910056
91750,252243,267650,4401,68850,51566,19959,21748,1049561927,103151,86493,6853,674697427,59105,729799674,23258,699056368,44596,345726725,9437,282358837,116138551
92000,238460,283319,3937,87898,52363,20791,19475,1059492868,91929,71660,6993,735415373,61148,730093794,23816,708357527,51420,368996056,9265,275909087,102156239
92250,262052,253493,4353,110897,52167,19981,21401,1077932436,93231,74746,6836,697191688,62945,784651226,25024,744429106,44390,343168296,10705,280831058,99621989
92500,242691,276940,4327,90717,51271,19164,20099,1077743219,93546,73118,6939,757262917,62265,821446671,23990,748078687,46653,307786215,10202,281108306,107307476
92750,278546,302277,4304,87639,50703,27143,21285,1061609858,100354,72163,6876,741187694,58719,734591487,25108,809026333,46860,306881463,11043,282142223,118860361
93000,264588,327372,4328,64479,52051,21210,28137,1068422369,98034,78510,6824,778618730,56703,768096274,25688,747385040,46664,310983679,10344,282063490,103049610
93250,258456,274101,4731,76609,61099,24298,20416,1063413872,93754,85834,6928,742126456,67251,783872357,24714,834767786,44989,310825579,45733,297389252,104353086
93500,271367,245752,4603,63612,54531,20843,19235,1116521223,94072,78345,7043,742538306,61993,768843093,24936,754902207,45471,317039832,17076,302729583,112865154
93750,261076,300931,3992,56848,121460,24641,20999,1080260511,90201,87877,6805,735563118,56587,815116986,25847,806285964,43078,312636507,9677,295747336,107208011
94000,275435,248822,4309,67529,52556,22064,19747,1077237914,100192,75582,6845,766829232,59031,823932856,25947,775940415,44287,316042733,9468,289077113,118602085
94250,276612,440313,4492,56972,54992,23185,19777,1083183105,93716,75093,6846,790544113,57339,802375584,23571,768371141,43828,316032377,10106,301886019,106993119
94500,316481,243008,4455,55563,53670,21316,18846,1094128538,89432,84551,6907,905874981,59204,783529133,23875,794473592,63764,320145987,10468,293699814,104445983
94750,293281,226892,4566,55897,53223,19918,19287,1083703906,85215,77485,6903,778818217,54487,796824710,22778,771657557,45632,315828664,9907,293769065,122189151
95000,285357,233645,4714,71258,62571,22681,19857,1104292823,93244,74637,6828,769587715,63671,815646245,24204,795278162,44566,312692690,9159,302910127,118808506
95250,292088,216892,4491,68501,54359,21236,19172,1095062667,100381,75208,6903,785158445,58437,812377782,24654,856843626,43902,323601212,9913,305176758,109789983
95500,267600,234489,4492,55267,52353,23284,20040,1099217019,92734,78858,7024,792971959,57868,888797460,26939,789803607,43840,337851233,10718,304477574,107929846
95750,363056,232194,4509,56471,52058,23231,19885,1298179981,92326,81593,6976,857711713,57269,893056688,25954,817064636,45069,314325480,9827,300854914,115616842
96000,316022,229894,4632,54859,50167,20157,21174,1118117245,90048,85004,6978,777505018,54858,816168958,25029,819280338,41917,331580409,10350,337953819,112732035
96250,273421,213829,12312,55969,53928,25906,17183,1114087707,97056,75061,6816,787164104,57013,844709619,25457,840885858,41755,332975566,8629,295731622,132021320
96500,296069,221044,4347,64783,51351,17528,18444,1169264793,93328,76804,6906,813568889,57764,844374413,27727,788386599,44458,331962189,8738,307845060,110734180
96750,291543,208529,3872,92812,56353,16199,28979,1166193571,92100,77776,7185,799178139,64137,953790291,30752,819366421,58963,332035649,9317,308601001,115211399
97000,286820,229968,4005,59477,60414,18347,21367,1087378046,93351,77533,6933,832194563,57454,912710284,36890,792606608,55836,332700112,9365,313964216,117297370
97250,294596,209804,4366,58096,60058,17777,19804,1090595635,87820,90460,6883,826736346,53389,839021073,26171,863620667,42475,325332682,9262,316714629,120717876
97500,275036,269687,4376,64899,59004,19846,20935,1095602152,99043,78185,6866,867486669,52382,868926631,24679,779210822,44552,349523550,9377,329162792,114149525
97750,274032,222682,4004,56496,57414,19021,20447,1108332988,97865,78708,6986,807505749,53367,838999707,25262,834517917,44263,340825097,9652,311342175,116655044
98000,301853,234665,12768,121103,55446,16980,18692,1161086577,94200,80720,6823,828802127,51815,874174335,24042,803558341,42195,345800084,8759,326611658,111973651
98250,266508,219690,4046,60943,55331,17966,19351,1111595482,92575,110640,6853,843802654,51424,875041553,25891,816790787,42764,342558361,8924,334437547,122530045
98500,283710,233571,3890,57482,71496,17640,17845,1122972278,87103,133864,6810,832652950,52694,944806722,23745,863110910,45434,384848208,8767,365523902,130585902
98750,263142,223190,3991,67197,89327,17502,19059,1115811576,105400,80309,6818,845374766,54579,856840125,25834,868379833,53277,372411001,8827,322523837,122870842
99000,277804,234061,4379,55818,78526,18818,17801,1136325968,98418,80893,6946,848303965,52631,888402860,26383,831926467,44746,352566617,9064,319646146,134827138
99250,319626,222603,4489,56075,68623,18308,19044,1190479405,97702,79716,12907,893294850,52664,874369635,24933,866491704,53771,330019343,43155,320531596,136613012
99500,269504,240467,3939,54292,64866,17217,19583,1127767675,94269,84281,6824,870801468,52989,877717523,25786,874880095,47025,333452135,8868,314350698,119235981
99750,291460,230796,4061,59005,63823,20369,18507,1128219875,121656,92649,6848,848936230,54487,955291965,27163,916106169,52728,344284474,10016,332930107,126529180
100000,266589,237682,4031,66860,84334,19373,17833,1178605649,99277,83304,6801,851261760,52021,902957539,28469,828076221,56919,345012589,8817,320895900,115853586
100250,275601,225708,4072,58399,67684,20592,19253,1170793782,383916,84833,6841,850931363,51555,905899879,27816,903501440,54729,332514163,9129,324492614,126145581
100500,271835,245958,4355,54059,66084,26780,28808,1128054633,98373,85979,6928,894690591,64819,897630280,28989,881065095,50952,347414800,9046,327280721,122699123
100750,257888,229690,4053,57848,89014,19692,19448,1139617997,94281,93844,6760,866523485,68320,911734320,27660,979415390,63431,343588256,9399,325178583,119767597
101000,282747,247006,3896,54136,97473,18492,19405,1139206418,92247,92908,7044,847073327,57371,936460222,31488,1029008288,54420,342652467,9745,328325944,124509543
101250,258805,237657,4537,63081,113327,18206,19522,1166817859,93891,85472,6826,847775912,54140,959875341,31370,1016559614,48695,342448732,8765,343200107,125467513
101500,271686,281656,4426,67932,90544,17441,18686,1162134213,103660,86588,6793,889312037,52636,943435520,31932,920482417,44944,338476585,8632,338406739,129310727
101750,252630,235786,4316,60243,71503,19731,19874,1169938531,98762,87811,6832,910392571,51324,938680104,31371,880410090,52822,355095525,9690,328379195,123183054
102000,267994,258081,4422,56884,120035,17308,17459,1168043998,89050,91541,6901,882975907,59088,947198997,33378,888484995,41490,344147165,8876,331385539,122733483
102250,261746,242704,4474,64504,73501,14907,16715,1186760280,94625,101499,6864,871670157,61620,978001804,33144,894580183,43320,347146662,9205,337927472,135771974
102500,256878,262161,4029,53741,84929,15022,17409,1216301429,103010,92731,6791,869399564,51174,1017687537,33338,941034851,42590,348636249,9255,330605945,126459784
102750,317910,261932,4420,55894,70041,17176,19458,1164408426,99160,93530,6791,956793059,49043,938681535,39435,917092768,43751,362902378,8469,340792280,131458257
103000,273791,256574,3938,53636,68487,20221,18578,1176623110,100451,99051,6831,918800751,106674,980310454,46020,966259515,54653,344157183,8175,343635640,130331875
103250,282566,261962,4436,68543,65318,17961,18886,1197980486,97982,110663,6797,945190303,49734,954477620,44865,919976768,42437,360234601,9060,335381502,125799030
103500,289101,249886,4504,73236,369666,16789,17856,1181917581,94981,102794,6840,917033655,53096,994165271,39543,924981736,45644,381863273,9503,340977920,133838512
103750,269221,268734,11886,56754,72084,16583,17401,1187051419,104481,108533,6849,889519496,57097,1042008042,37577,942331034,42347,362762614,8548,356471626,132949948
104000,298525,274451,4625,57107,66071,20351,20726,1234394645,97369,135384,6846,931498639,47950,984589106,47304,930870275,42542,406149185,8715,355146900,126804958
104250,2899,7056,56,514,964,1033,1210,13528810,1073,2625,83,10108108,392,25459592,1243,9504047,414,5140339,801,6399194,1867753
